"1","2"
"2","3"
"4","5"
first,second,third
first,second,third
first,second,third
first,second,third
first,second,third
first,second,third
first,second,third
first,second,third
first,second,third
first,second,third
first,second,third
first,second,third
first,second,third
first,second,third
first,second,third
first,second,third
first,second,third
first,second,third
first,second,third
first,second,third
first,second,third
first,second,third
first,second,third
first,second,third
first,second,third
first,second,third
first,second,third
first,second,third
first,second,third
first,second,third
first,second,third
first,second,third
first,second,third
first,second,third
first,second,third
first,second,third
first,second,third
first,second,third
first,second,third
first,second,third
first,second,third
first,second,third
first,second,third
first,second,third
first,second,third
first,second,third
first,second,third
first,second,third
first,second,third
first,second,third
first,second,third
first,second,third
first,second,third
first,second,third
first,second,third
first,second,third
first,second,third
first,second,third
first,second,third
first,second,third
first,second,third
first,second,third
first,second,third
first,second,third
first,second,third
first,second,third
first,second,third
first,second,third
first,second,third
first,second,third
first,second,third
first,second,third
first,second,third
first,second,third
first,second,third
first,second,third
first,second,third
first,second,third
first,second,third
first,second,third
first,second,third
first,second,third
first,second,third
first,second,third
first,second,third
first,second,third
first,second,third
first,second,third
first,second,third
first,second,third
first,second,third
first,second,third
first,second,third
first,second,third
first,second,third
first,second,third
first,second,third
first,second,third
first,second,third
first,second,third
first,second,third
first,second,third
first,second,third
first,second,third
first,second,third
first,second,third
first,second,third
first,second,third
first,second,third
first,second,third
first,second,third
first,second,third
first,second,third
first,second,third
first,second,third
first,second,third
first,second,third
first,second,third
first,second,third
first,second,third
first,second,third
first,second,third
first,second,third
first,second,third
first,second,third
first,second,third
first,second,third
first,second,third
first,second,third
first,second,third
first,second,third
first,second,third
first,second,third
first,second,third
first,second,third
first,second,third
first,second,third
first,second,third
first,second,third
first,second,third
first,second,third
first,second,third
first,second,third
first,second,third
first,second,third
first,second,third
first,second,third
first,second,third
first,second,third
first,second,third
first,second,third
first,second,third
first,second,third
first,second,third
first,second,third
first,second,third
first,second,third
first,second,third
first,second,third
first,second,third
first,second,third
first,second,third
first,second,third
first,second,third
first,second,third
first,second,third
first,second,third
first,second,third
first,second,third
first,second,third
first,second,third
first,second,third
first,second,third
first,second,third
first,second,third
first,second,third
first,second,third
first,second,third
first,second,third
first,second,third
first,second,third
first,second,third
first,second,third
first,second,third
first,second,third
first,second,third
first,second,third
first,second,third
first,second,third
first,second,third
first,second,third
first,second,third
first,second,third
first,second,third
first,second,third
first,second,third
first,second,third
first,second,third
first,second,third
first,second,third
first,second,third
first,second,third
first,second,third
first,second,third
first,second,third
first,second,third
first,second,third
first,second,third
first,second,third
first,second,third
first,second,third
first,second,third
first,second,third
first,second,third
first,second,third
first,second,third
first,second,third
first,second,third
first,second,third
first,second,third
first,second,third
first,second,third
first,second,third
first,second,third
first,second,third
first,second,third
first,second,third
first,second,third
first,second,third
first,second,third
first,second,third
first,second,third
first,second,third
first,second,third
first,second,third
first,second,third
first,second,third
first,second,third
first,second,third
first,second,third
first,second,third
first,second,third
first,second,third
first,second,third
first,second,third
first,second,third
first,second,third
first,second,third
first,second,third
first,second,third
first,second,third
first,second,third
first,second,third
first,second,third
first,second,third
first,second,third
first,second,third
first,second,third
first,second,third
first,second,third
first,second,third
first,second,third
first,second,third
first,second,third
first,second,third
first,second,third
first,second,third
first,second,third
first,second,third
first,second,third
first,second,third
first,second,third
first,second,third
first,second,third
first,second,third
first,second,third
first,second,third
first,second,third
first,second,third
first,second,third
first,second,third
first,second,third
first,second,third
first,second,third
first,second,third
first,second,third
first,second,third
first,second,third
first,second,third
first,second,third
first,second,third
first,second,third
first,second,third
first,second,third
first,second,third
first,second,third
first,second,third
first,second,third
first,second,third
first,second,third
first,second,third
first,second,third
first,second,third
first,second,third
first,second,third
first,second,third
first,second,third
first,second,third
first,second,third
first,second,third
first,second,third
first,second,third
first,second,third
first,second,third
first,second,third
first,second,third
first,second,third
first,second,third
first,second,third
first,second,third
first,second,third
first,second,third
first,second,third
first,second,third
first,second,third
first,second,third
first,second,third
first,second,third
first,second,third
first,second,third
first,second,third
first,second,third
first,second,third
first,second,third
first,second,third
first,second,third
first,second,third
first,second,third
first,second,third
first,second,third
first,second,third
first,second,third
first,second,third
first,second,third
first,second,third
first,second,third
first,second,third
first,second,third
first,second,third
first,second,third
first,second,third
first,second,third
first,second,third
first,second,third
first,second,third
first,second,third
first,second,third
first,second,third
first,second,third
first,second,third
first,second,third
first,second,third
first,second,third
first,second,third
first,second,third
first,second,third
first,second,third
first,second,third
first,second,third
first,second,third
first,second,third
first,second,third
first,second,third
first,second,third
first,second,third
first,second,third
first,second,third
first,second,third
first,second,third
first,second,third
first,second,third
first,second,third
first,second,third
first,second,third
first,second,third
first,second,third
first,second,third
first,second,third
first,second,third
first,second,third
first,second,third
first,second,third
first,second,third
first,second,third
first,second,third
first,second,third
first,second,third
first,second,third
first,second,third
first,second,third
first,second,third
first,second,third
first,second,third
first,second,third
first,second,third
first,second,third
first,second,third
first,second,third
first,second,third
first,second,third
first,second,third
first,second,third
first,second,third
first,second,third
first,second,third
first,second,third
first,second,third
first,second,third
first,second,third
first,second,third
first,second,third
first,second,third
first,second,third
first,second,third
first,second,third
first,second,third
first,second,third
first,second,third
first,second,third
first,second,third
first,second,third
first,second,third
first,second,third
first,second,third
first,second,third
first,second,third
first,second,third
first,second,third
first,second,third
first,second,third
first,second,third
first,second,third
first,second,third
first,second,third
first,second,third
first,second,third
first,second,third
first,second,third
first,second,third
first,second,third
first,second,third
first,second,third
first,second,third
first,second,third
first,second,third
first,second,third
first,second,third
first,second,third
first,second,third
first,second,third
first,second,third
first,second,third
first,second,third
first,second,third
first,second,third
first,second,third
first,second,third
first,second,third
first,second,third
first,second,third
first,second,third
first,second,third
first,second,third
first,second,third
first,second,third
first,second,third
first,second,third
first,second,third
first,second,third
first,second,third
first,second,third
first,second,third
first,second,third
first,second,third
first,second,third
first,second,third
first,second,third
first,second,third
first,second,third
first,second,third
first,second,third
first,second,third
first,second,third
first,second,third
first,second,third
first,second,third
first,second,third
first,second,third
first,second,third
first,second,third
first,second,third
first,second,third
first,second,third
first,second,third
first,second,third
first,second,third
first,second,third
first,second,third
first,second,third
first,second,third
first,second,third
first,second,third
first,second,third
first,second,third
first,second,third
first,second,third
first,second,third
first,second,third
first,second,third
first,second,third
first,second,third
first,second,third
first,second,third
first,second,third
first,second,third
first,second,third
first,second,third
first,second,third
first,second,third
first,second,third
first,second,third
first,second,third
first,second,third
first,second,third
first,second,third
first,second,third
first,second,third
first,second,third
first,second,third
first,second,third
first,second,third
first,second,third
first,second,third
first,second,third
first,second,third
first,second,third
first,second,third
first,second,third
first,second,third
first,second,third
first,second,third
first,second,third
first,second,third
first,second,third
first,second,third
first,second,third
first,second,third
first,second,third
first,second,third
first,second,third
first,second,third
first,second,third
first,second,third
first,second,third
first,second,third
first,second,third
first,second,third
first,second,third
first,second,third
first,second,third
first,second,third
first,second,third
first,second,third
first,second,third
first,second,third
first,second,third
first,second,third
first,second,third
first,second,third
first,second,third
first,second,third
first,second,third
first,second,third
first,second,third
first,second,third
first,second,third
first,second,third
first,second,third
first,second,third
first,second,third
first,second,third
first,second,third
first,second,third
first,second,third
first,second,third
first,second,third
first,second,third
first,second,third
first,second,third
first,second,third
first,second,third
first,second,third
first,second,third
first,second,third
first,second,third
first,second,third
first,second,third
first,second,third
first,second,third
first,second,third
first,second,third
first,second,third
first,second,third
first,second,third
first,second,third
first,second,third
first,second,third
first,second,third
first,second,third
first,second,third
first,second,third
first,second,third
first,second,third
first,second,third
first,second,third
first,second,third
first,second,third
first,second,third
first,second,third
first,second,third
first,second,third
first,second,third
first,second,third
first,second,third
first,second,third
first,second,third
first,second,third
first,second,third
first,second,third
first,second,third
first,second,third
first,second,third
first,second,third
first,second,third
first,second,third
first,second,third
first,second,third
first,second,third
first,second,third
first,second,third
first,second,third
first,second,third
first,second,third
first,second,third
first,second,third
first,second,third
first,second,third
first,second,third
first,second,third
first,second,third
first,second,third
first,second,third
first,second,third
first,second,third
first,second,third
first,second,third
first,second,third
first,second,third
first,second,third
first,second,third
first,second,third
first,second,third
first,second,third
first,second,third
first,second,third
first,second,third
first,second,third
first,second,third
first,second,third
first,second,third
first,second,third
first,second,third
first,second,third
first,second,third
first,second,third
first,second,third
first,second,third
first,second,third
first,second,third
first,second,third
first,second,third
first,second,third
first,second,third
first,second,third
first,second,third
first,second,third
first,second,third
first,second,third
first,second,third
first,second,third
first,second,third
first,second,third
first,second,third
first,second,third
first,second,third
first,second,third
first,second,third
first,second,third
first,second,third
first,second,third
first,second,third
first,second,third
first,second,third
first,second,third
first,second,third
first,second,third
first,second,third
first,second,third
first,second,third
first,second,third
first,second,third
first,second,third
first,second,third
first,second,third
first,second,third
first,second,third
first,second,third
first,second,third
first,second,third
first,second,third
first,second,third
first,second,third
first,second,third
first,second,third
first,second,third
first,second,third
first,second,third
first,second,third
first,second,third
first,second,third
first,second,third
first,second,third
first,second,third
first,second,third
first,second,third
first,second,third
first,second,third
first,second,third
first,second,third
first,second,third
first,second,third
first,second,third
first,second,third
first,second,third
first,second,third
first,second,third
first,second,third
first,second,third
first,second,third
first,second,third
first,second,third
first,second,third
first,second,third
first,second,third
first,second,third
first,second,third
first,second,third
first,second,third
first,second,third
first,second,third
first,second,third
first,second,third
first,second,third
first,second,third
first,second,third
first,second,third
first,second,third
first,second,third
first,second,third
first,second,third
first,second,third
first,second,third
first,second,third
first,second,third
first,second,third
first,second,third
first,second,third
first,second,third
first,second,third
first,second,third
first,second,third
first,second,third
first,second,third
first,second,third
first,second,third
first,second,third
first,second,third
first,second,third
first,second,third
first,second,third
first,second,third
first,second,third
first,second,third
first,second,third
first,second,third
first,second,third
first,second,third
first,second,third
first,second,third
first,second,third
first,second,third
first,second,third
first,second,third
first,second,third
first,second,third
first,second,third
first,second,third
first,second,third
first,second,third
first,second,third
first,second,third
first,second,third
first,second,third
first,second,third
first,second,third
first,second,third
first,second,third
first,second,third
first,second,third
first,second,third
first,second,third
first,second,third
first,second,third
first,second,third
first,second,third
first,second,third
first,second,third
first,second,third
first,second,third
first,second,third
first,second,third
first,second,third
first,second,third
first,second,third
first,second,third
first,second,third
first,second,third
first,second,third
first,second,third
first,second,third
first,second,third
first,second,third
first,second,third
first,second,third
first,second,third
first,second,third
first,second,third
first,second,third
first,second,third
first,second,third
first,second,third
first,second,third
first,second,third
first,second,third
first,second,third
first,second,third
first,second,third
first,second,third
first,second,third
first,second,third
first,second,third
first,second,third
first,second,third
first,second,third
first,second,third
first,second,third
first,second,third
first,second,third
first,second,third
first,second,third
first,second,third
first,second,third
first,second,third
first,second,third
first,second,third
first,second,third
first,second,third
first,second,third
first,second,third
first,second,third
first,second,third
first,second,third
first,second,third
first,second,third
first,second,third
first,second,third
first,second,third
first,second,third
first,second,third
first,second,third
first,second,third
first,second,third
first,second,third
first,second,third
first,second,third
first,second,third
first,second,third
first,second,third
first,second,third
first,second,third
first,second,third
first,second,third
first,second,third
first,second,third
first,second,third
first,second,third
first,second,third
first,second,third
first,second,third
first,second,third
first,second,third
first,second,third
first,second,third
first,second,third
first,second,third
first,second,third
first,second,third
first,second,third
first,second,third
first,second,third
first,second,third
first,second,third
first,second,third
first,second,third
first,second,third
first,second,third
first,second,third
first,second,third
first,second,third
first,second,third
first,second,third
first,second,third
first,second,third
first,second,third
first,second,third
first,second,third
first,second,third
first,second,third
first,second,third
first,second,third
first,second,third
first,second,third
first,second,third
first,second,third
first,second,third
first,second,third
first,second,third
first,second,third
first,second,third
first,second,third
first,second,third
first,second,third
first,second,third
first,second,third
first,second,third
first,second,third
first,second,third
first,second,third
first,second,third
first,second,third
first,second,third
first,second,third
first,second,third
first,second,third
first,second,third
first,second,third
first,second,third
first,second,third
first,second,third
first,second,third
first,second,third
first,second,third
first,second,third
first,second,third
first,second,third
first,second,third
first,second,third
first,second,third
first,second,third
first,second,third
first,second,third
first,second,third
first,second,third
first,second,third
first,second,third
first,second,third
first,second,third
first,second,third
first,second,third
first,second,third
